aplikasi optimal,2
nyaman,3
fitur nyaman,2
fitur sip,2
fitur paripurna,1
worth it,2
aplikasi lengkap,2
layanan senang,1
aplikasi valueable,3
fitur asyik,1
fitur rekomendasi,2
fitur stunning,2
sangat baik,2
layanan paripurna,2
rekomendasi,2
menarik,3
aplikasi nyaman,1
powerful,3
layanan stabil,2
aplikasi baik,2
valueable,2
layanan terbaik,1
layanan terpercaya,3
aplikasi terbaik,2
fitur andalan,1
sangat oke,3
fitur mudah,3
aplikasi luar biasa,1
pengalaman update,3
fitur powerful,3
sangat ekstensif,1
pengalaman terang,2
fitur bersahabat,1
sangat canggih,3
fitur terjamin,2
pengalaman stunning,3
fitur canggih,3
berhasil,1
pengalaman rekomendasi,1
sangat responsif,2
akurat,2
fitur hai,1
pengalaman oke,1
spektakuler,3
aplikasi praktis,1
hemat,2
pengalaman komplet,3
aplikasi mudah,1
aplikasi modern,3
membantu,1
sangat lancar,1
pengalaman stabil,2
layanan menyenangkan,3
aplikasi ekstensif,2
menyenangkan,3
maksimal,1
fitur modern,2
aplikasi profesional,1
layanan brilian,1
intuitif,2
stunning,1
sangat handal,1
fitur brilian,2
detail,1
handal,3
aplikasi worth it,1
aplikasi mantap,1
sangat pernik,3
sangat senang,3
fitur senang,1
aplikasi luwes,1
pengalaman senang,2
layanan baik,3
fitur handal,2
sangat spektakuler,1
layanan sip,1
aplikasi hemat,3
fitur ekstensif,2
sangat terjamin,3
layanan modern,3
fitur komplet,1
fitur detail,1
aplikasi fast,2
aplikasi paripurna,3
sangat efisien,1
layanan optimal,1
komplet,3
aplikasi canggih,3
layanan rekomendasi,1
layanan praktis,1
sangat jelas,2
brilian,3
layanan terang,2
fitur responsif,1
pengalaman sip,2
pernik,2
sangat luar biasa,3
aplikasi hebat,3
layanan nyaman,2
aplikasi menyenangkan,1
sangat sukses,2
aplikasi akurat,3
aplikasi oke,1
mantap,1
aplikasi pernik,1
sangat aman,1
recommended,1
pengalaman ekstensif,3
fitur menyenangkan,1
pengalaman brilian,2
aplikasi terjamin,3
layanan solutif,3
baik,3
pengalaman cool,3
fitur inovatif,3
aplikasi efisien,2
aplikasi recommended,1
layanan luwes,3
layanan hai,1
pengalaman istimewa,1
fitur berhasil,2
pengalaman terjamin,3
fitur update,2
fitur apik,3
aplikasi spektakuler,2
layanan fast,2
pengalaman bagus,3
aplikasi fleksibel,2
fitur hemat,1
sukses,2
istimewa,2
sangat mudah,1
aplikasi untung,1
fitur valueable,2
hebat,1
sangat hai,3
sangat recommended,2
pengalaman andalan,3
pengalaman hai,3
sangat menarik,3
asyik,1
pengalaman recommended,2
pengalaman puas,3
fitur untung,3
lengkap,3
pengalaman akurat,1
pengalaman optimal,3
layanan cepat,2
pengalaman fleksibel,3
sangat cool,2
fitur stabil,3
pengalaman canggih,3
pengalaman solutif,2
pengalaman bersahabat,3
fitur jos,1
layanan intuitif,2
pengalaman hebat,3
sangat asyik,1
layanan sukses,2
aplikasi andalan,3
fitur mantul,3
fitur ramah,2
fitur oke,2
aplikasi mantul,1
fitur recommended,2
layanan mantap,2
layanan ramah,2
aplikasi maksimal,1
layanan luar biasa,2
fitur top,2
pengalaman ringan,1
luar biasa,3
top,3
sangat fast,3
aplikasi responsif,3
layanan membantu,1
pengalaman sukses,3
layanan inovatif,3
sangat luwes,2
fitur mantap,3
pengalaman hemat,2
memadai,3
aplikasi terpercaya,1
aplikasi intuitif,2
mudah,1
terbaik,1
pengalaman mantul,1
fitur istimewa,1
ramah,1
fitur profesional,3
pengalaman terbaik,1
senang,1
pengalaman jelas,1
fitur terang,3
sangat intuitif,1
layanan top,2
aplikasi aman,2
sangat membantu,2
aplikasi cepat,1
aplikasi lancar,2
aplikasi solutif,1
mantul,1
fleksibel,3
aplikasi komplet,3
layanan update,1
pengalaman efisien,3
pengalaman membantu,2
fitur lengkap,3
aplikasi jos,3
sangat update,2
fitur luwes,1
sangat inovatif,1
aplikasi membantu,1
aplikasi top,2
paripurna,1
pengalaman modern,1
sangat fleksibel,3
pengalaman aman,3
responsif,3
sangat andalan,1
pengalaman menyenangkan,2
pengalaman lengkap,1
aplikasi sip,3
layanan puas,3
cool,1
terjamin,3
pengalaman nyaman,1
sangat puas,2
sangat solutif,2
pengalaman valueable,2
sangat apik,1
fitur hebat,2
aplikasi rekomendasi,3
aplikasi detail,1
pengalaman profesional,2
sangat profesional,1
layanan handal,1
layanan komplet,2
aplikasi memadai,1
fitur akurat,1
sangat hemat,1
sangat untung,1
pengalaman fast,3
sangat powerful,3
sangat sip,1
aplikasi powerful,3
optimal,2
aplikasi sukses,2
fitur pernik,3
sip,3
aplikasi hai,3
sangat bersahabat,2
pengalaman baik,3
fitur efisien,2
fitur memadai,1
pengalaman powerful,1
layanan apik,3
aplikasi ramah,2
stabil,1
layanan recommended,1
pengalaman jos,2
sangat brilian,3
layanan worth it,2
layanan cool,3
layanan istimewa,1
inovatif,2
pengalaman mantap,1
aman,3
aplikasi stabil,2
fitur intuitif,3
pengalaman berhasil,3
aplikasi asyik,3
layanan powerful,3
fitur menarik,3
modern,2
hai,1
sangat terpercaya,2
praktis,3
sangat mantul,1
aplikasi jelas,3
sangat detail,3
fitur jelas,2
layanan maksimal,1
layanan hemat,1
pengalaman intuitif,1
layanan memadai,3
aplikasi update,2
layanan valueable,2
sangat valueable,1
layanan efisien,1
ekstensif,1
sangat paripurna,1
sangat hebat,1
aplikasi bagus,1
andalan,1
layanan pernik,2
sangat bagus,1
pengalaman apik,1
aplikasi apik,3
layanan canggih,1
pengalaman cepat,3
sangat terbaik,2
update,1
fitur luar biasa,1
pengalaman pernik,3
pengalaman luar biasa,3
layanan bersahabat,2
layanan menarik,1
pengalaman memadai,2
aplikasi brilian,3
fitur worth it,1
terang,1
pengalaman responsif,3
profesional,1
sangat modern,3
pengalaman mudah,2
sangat lengkap,3
sangat jos,3
sangat mantap,1
layanan ekstensif,1
aplikasi bersahabat,3
sangat top,1
sangat berhasil,3
fitur optimal,2
fast,2
layanan ringan,3
jelas,3
pengalaman top,3
pengalaman worth it,3
pengalaman lancar,3
untung,1
terpercaya,2
layanan akurat,1
layanan spektakuler,3
sangat optimal,2
fitur fleksibel,1
layanan lancar,1
layanan terjamin,3
sangat worth it,1
sangat stabil,2
aplikasi senang,3
sangat ramah,3
layanan aman,2
pengalaman untung,3
sangat ringan,1
pengalaman inovatif,1
canggih,2
aplikasi stunning,2
fitur membantu,1
layanan jos,1
cepat,1
pengalaman handal,1
sangat komplet,3
fitur terbaik,3
apik,3
layanan mantul,2
sangat memadai,3
fitur praktis,2
layanan responsif,2
sangat cepat,3
fitur bagus,1
fitur solutif,1
fitur fast,3
fitur terpercaya,2
layanan mudah,3
pengalaman menarik,3
oke,3
fitur ringan,3
fitur aman,3
sangat menyenangkan,2
sangat istimewa,1
aplikasi terang,2
aplikasi menarik,1
luwes,1
pengalaman paripurna,1
pengalaman praktis,3
aplikasi inovatif,3
jos,1
sangat rekomendasi,3
sangat akurat,3
fitur lancar,1
lancar,1
layanan untung,2
pengalaman terpercaya,2
layanan asyik,3
layanan hebat,1
bersahabat,2
puas,1
layanan andalan,1
fitur maksimal,3
sangat praktis,3
layanan profesional,3
pengalaman spektakuler,1
aplikasi ringan,3
sangat nyaman,2
sangat terang,2
ringan,3
layanan fleksibel,2
solutif,3
pengalaman maksimal,3
layanan detail,1
aplikasi handal,3
fitur sukses,1
layanan oke,3
pengalaman ramah,2
layanan stunning,2
pengalaman luwes,2
fitur cool,1
aplikasi puas,2
fitur cepat,3
fitur puas,3
layanan lengkap,3
fitur spektakuler,1
aplikasi cool,1
aplikasi berhasil,2
aplikasi istimewa,3
bagus,1
pengalaman detail,1
layanan jelas,1
efisien,2
layanan bagus,1
sangat maksimal,2
fitur baik,2
sangat stunning,2
pengalaman asyik,3
layanan berhasil,1
terima kasih,3
super,3
main,2
berguna,3
